ID,ASV_1,ASV_2,ASV_3,ASV_4,ASV_5,ASV_6,ASV_7,ASV_8,ASV_9,ASV_10,ASV_11,ASV_12,ASV_14,ASV_15,ASV_16,ASV_17,ASV_18,ASV_19,ASV_20,ASV_21,ASV_23,ASV_24,ASV_25,ASV_27,ASV_28,ASV_30,ASV_31,ASV_32,ASV_33,ASV_34,ASV_35,ASV_36,ASV_37,ASV_40,ASV_41,ASV_44,ASV_45,ASV_46,ASV_47,ASV_50,ASV_51,ASV_52,ASV_53,ASV_54,ASV_55,ASV_56,ASV_57,ASV_58,ASV_59,ASV_60,ASV_61,ASV_62,ASV_63,ASV_65,ASV_66,ASV_67,ASV_68,ASV_71,ASV_75,ASV_76,ASV_78,ASV_80,ASV_81,ASV_84,ASV_85,ASV_87,ASV_89,ASV_92,ASV_94,ASV_95,ASV_96,ASV_97,ASV_98,ASV_99,ASV_101,ASV_103,ASV_104,ASV_105,ASV_106,ASV_109,ASV_110,ASV_112,ASV_116,ASV_117,ASV_119,ASV_120,ASV_121,ASV_122,ASV_124,ASV_125,ASV_127,ASV_128,ASV_131,ASV_132,ASV_135,ASV_138,ASV_139,ASV_141,ASV_144,ASV_145,ASV_148,ASV_160,ASV_164,ASV_166,ASV_169,ASV_170,ASV_173,ASV_175,ASV_183,ASV_189,ASV_193,ASV_197,ASV_202,ASV_203,ASV_209,ASV_211,ASV_219,ASV_222,ASV_224,ASV_225,ASV_246,ASV_254,ASV_273,ASV_274,ASV_276,ASV_293,ASV_308,ASV_319,ASV_351,ASV_352,Group
206700,2.34428374908999,1.49628684253504,11.762487755034,0,0,0,0,0,0,9.74563736616228,0,9.12491464469519,0,8.06917651095562,0,0,0,0,0,0,11.8707829882266,4.68215338784638,0,0,9.2717325166379,0,0,0,0,0,0,0,0,0,0,0,0,0,0,0,0,0,0,0,0,9.18278736971826,0,0,6.69792070370469,0,0,0,0,0,0,8.08425183141772,0,0,4.05700179700952,0,7.43410201133846,0,0,0,0,7.89887260076763,9.44406986879046,0,0,0,6.34428374908999,5.92255159723714,7.01670909106149,0,4.00724876181242,2.75932124836884,0,0,0,0,0,7.8091697978194,0,0,0,0,0,0,0,0,3.12855505803456,0,1.49628684253504,0,0,0,0,0,0,0,0,0,7.11393796196237,0,0,2.69792070370469,0,0,0,2.0812493432562,1.98171366970528,0,0,0,6.05700179700952,0,0,0,0,0,0,0,2.98171366970528,0,0,0,0,0,0,0,CD
206701,5.34321725739279,0,13.3471461389666,3.93722489771695,0,0,0,0,3.86322431627318,3.31573652097068,0,0,0,0,0,0,0,0,0,0,0,1.61529680282959,0,0,0,0,0,0,0,0,0,0,0,0,0,0,0,0,0,0,0,0,0,0,0,0,0,0,3.86322431627318,0,0,0,0,0,0,0,0,0,0,0,0,0,0,0,0,0,0,0,0,0,0,0,0,0,0,0,0,0,0,0,0,0,0,0,0,0,0,0,0,0,0,0,0,0,0,0,0,0,0,0,0,0,0,0,0,4.61529680282959,0,0,0,0,0,0,0,0,0,0,0,0,0,0,6.64871980436704,0,0,0,0,0,0,0,0,0,CD
206702,5.45188524178693,0,14.5845368568035,4.99245362314963,0,0,3.47788045031987,0,3.47788045031987,0,0,0,0,0,0,0,0,0,0,0,0,0,0,0,0,0,0,0,0.67052552826227,0,0,0,0,0,0,0,0,0,0,0,0,0,0,0,0,0,0,0,0,0,0,0,0,0,0,0,0,0,4.06284295104103,0,0,0,0,0,0,0,0,0,0,0,0,0,0,0,0,0,0,0,0,0,0,0,0,0,0,0,0,0,0,0,0,0,0,0,0,0,0,0,0,0,0,0,0,0,0,0,0,0,0,3.47788045031987,0,0,0,0,0,0,0,0,0,0,0,0,0,0,0,0,0,0,0,0,CD
206703,8.70719891383701,5.56588236223368,3.73400512104201,2.48869830775756,0,3.28892879538178,0,3.62507074948884,0.215679813351141,1.05698206733208,3.28176900380891,5.40715034507472,3.77026866502878,4.78553542168209,2.59650159729207,5.41043666777339,0,5.77792223757221,7.17278185491343,2.61940199940215,4.66963630192229,5.01873459797512,2.73924176940815,3.81062640264492,5.66276303956079,1.63071731262998,0,-0.199357685927703,0,2.78046443213467,1.58491362301686,0,2.41207702615464,0,2.34496283029611,0,0,3.73924176940815,0,0.916119531492233,0.760000329574951,2.47620736357436,1.56145465019287,3.59650159729207,2.63071731262998,1.154279268687,0,2.93449806080709,3.19295973685106,3.16987612373802,0,1.41207702615464,3.17761177251762,3.24542715674519,3.35181650133717,4.07780053883964,4.22690706877439,2.64194456805324,2.26007393270959,0,1.73924176940815,0,4.12257040895966,0,0,0,-1.1993576859277,3.1620987731463,2.47620736357436,-1.78432018664886,-1.1993576859277,1.5376079082385,0.630717312629985,2.3172178398132,0.488698307757557,2.78046443213467,0,-0.281819846119676,2.16987612373802,0,0,0,0,0,1.98826931724807,-0.462392091761497,2.10645074359638,2.76000032957495,0,3.58491362301686,0.023034735408745,0,1.51336036199183,1.12257040895966,0,-0.047354592482653,-0.281819846119676,2.82054187151,1.63071731262998,0,0,0.215679813351141,0,1.09014893126728,0,-0.462392091761497,1.76000032957495,-2.36928268737002,0.87864482607357,-0.369282687370015,0,-1.78432018664886,0,-0.668842969228923,-2.04735459248265,0,0.630717312629985,0,0,-1.56192776531241,0,0,0,-1.04735459248265,0,-0.047354592482653,0,0,-0.909851068732718,-0.369282687370015,Control
206704,7.43878332390693,6.12844320329478,3.93419766134632,2.1327433407284,0,3.01095486033036,2.46289194242073,4.01841066524941,0.276478818189853,1.11893754120337,2.34923516062517,6.45467143561577,4.69926859319288,4.9163496600134,3.31936463104303,5.60584989626278,0,5.42271828938048,5.83740455432018,1.79353725440921,4.44640381963216,5.76833191451953,2.14641827762548,4.87997727034844,6.31558695137504,2.23867678547747,0,0,0,4.22906945780343,1.3957777465622,0,3.00346032378344,0,2.45192082459973,0,0,3.13959701176947,0,3.61817016789864,1.3253884186708,4.09445485600403,1.09092316503378,2.45192082459973,3.97308667473992,0,0,4.0659562495172,1.62795118869123,2.76722597729336,0,2.18668214783921,3.67116325551253,4.68996085096665,4.33736106033687,3.67588566575493,3.89423125402868,3.4899601856189,3.91435284994945,0,0.877929441699578,0,3.9921450105556,0,0,0,-1.12207055830042,2.72227857123938,2.37269413344916,-0.411577175495407,-1.58150217693772,0.547780840007247,0,1.19985753658694,0.325388418670799,3.09092316503378,0,1.11893754120337,1.17338532522575,0,0,-2.58150217693772,0,0,1.98835343139323,0.462891942420734,0.776049827680364,1.66642533650587,0,3.01095486033036,-0.49403933568738,0,1.3253884186708,1.56824494256696,0,2.01841066524941,2.15996480946343,2.48458701352005,0.740425917949643,0,0,1.09092316503378,0,-0.774147254880116,0,-0.674611581329201,2.80220211553633,-1.99653967621656,2.21291368941239,0.173385325225749,0,-0.259574082050357,-1.12207055830042,-2.25957408205036,-1.25957408205036,0,0.372694133449156,0,0,0,0,0,0,0,0,0.276478818189853,0,1.14641827762548,-0.774147254880116,-1.77414725488012,Control
206708,10.1171558286522,9.59363896738428,2.12135861379852,4.98039769114505,-0.625875315821515,0,6.61933781292503,3.98462227700678,2.7565943210009,7.44788372279598,0,6.19430364659367,7.00971325796961,-0.625875315821515,6.16295951826529,3.79558845261676,0,2.44941281148272,3.98462227700678,2.67529421889905,0,5.52966576745814,0.267209480261973,3.41225981306526,1.21062595189561,6.28957729329043,0,3.12135861379852,7.06162534661208,5.5639492430585,0,1.32165726428435,1.15173226284204,0,0,4.06661564920409,5.44941281148272,3.32165726428435,0.374124684178485,5.16668260430801,0,1.61116388147933,2.65423260337122,2.69605277906585,4.80994374559383,0,0,0,1.92432176673896,5.74667885213582,5.55545444889305,5.07852241588826,0,1.99303451682298,4.35467232151231,0,0,2.95908718489964,1.77622312774983,5.05460979594393,0.026201380758178,0,0,2.37412468417848,3.18147960623609,3.09033171817789,0,0,0,0,0,0,0,1.32165726428435,0,0,4.56112319897974,1.02620138075818,0,3.18147960623609,0,0,3.69605277906585,0,0,0,0,0,0,0.151732262842037,0,0,0.888697857008243,3.00971325796961,1.85217198098313,1.42475075724845,0.65423260337122,2.69605277906585,0,0,0,0,0,0,0,1.09033171817789,0,0.959087184899641,0,0,0.151732262842037,0,2.26720948026197,0,0,0,0,0,0,0,0,0,0,0,1.15173226284204,-0.625875315821515,0,0,0,0,CD
206709,10.6910702643752,9.34015619968548,2.37437191502339,6.79651047067738,0,0,5.17447709800161,3.68103325325744,2.73130645973867,5.40566804551293,0,5.74360572468911,5.05323455462603,1.93379932363741,5.33914342671241,2.18533809063337,0,3.94236133714083,5.01315711525069,3.09607075253629,0,4.23496885835797,0.000913519495945,5.93594459546896,2.67076491780361,5.43932735686416,0.24192161899974,1.8268841197209,4.6021778325462,4.43629966416659,0,2.00091351949595,0.000913519495945,0,0,3.1264444015798,3.854364856143,2.29636940302212,2.18533809063337,2.54148190085865,0,-0.458518099141352,4.04927654105734,4.94236133714083,3.73130645973867,0,0,0.000913519495945,0,6.93808668204051,4.24192161899974,3.38697195180302,1.71140690230096,0.000913519495945,1.8268841197209,1.34883682291625,0,0,0.126444401579804,4.31626896045982,0.71140690230096,0,0,3.9251861933327,3.34883682291625,4.39946289598622,0,2.24192161899974,0,1.39946289598622,-0.458518099141352,0,0,1.78940941430223,0,0.126444401579804,4.17083852093826,-0.13659000425399,0,2.34883682291625,0,0,3.26940235542185,-0.13659000425399,2.00091351949595,0,0,0.628944742108988,0,0.348836822916252,-0.458518099141352,0,0,2.51876182435856,0,-0.458518099141352,1.18533809063337,0,0,0,0,0,0.000913519495945,0,3.51876182435856,0.24192161899974,0,0,0,-2.45851809914135,-0.873555598420195,0,0,0,0,0,0,0,0,0,0,0,0,0,1.29636940302212,-0.873555598420195,0,0,0,0,CD
206710,10.0450716731102,9.71873925296583,0.616851100293852,3.04981050756996,0,2.56794149981291,6.80667565917387,0,0,6.43617866401753,7.65686677914173,3.84951185708413,8.06751250930342,7.71277552029239,2.79742334593567,0,0,5.08064791149255,0,3.16939212332263,0,2.51731542674294,0,0,2.0318885995727,4.32467034880054,2.20181360101501,0,6.19578981338724,0,0,2.79742334593567,4.75435462404379,0,2.97674704538024,0,4.56794149981291,0,0,5.66706254624762,0,3.59260355404718,0,4.77065643637289,0,0,0,0,2.70996050468533,0,3.97674704538024,4.86477861373744,0,2.8184849614635,3.11935144082304,3.29492300540649,4.21775514488403,5.74887949397764,3.06751250930342,1.8392435216303,1.75435462404379,0,1.4648480068488,0,0,0.957888018128919,3.77604969514311,1.61685110029385,0,0.031888599572696,0.709960504685334,2.85970762419002,0,0.797423345935673,0,2.32467034880054,0,3.16939212332263,0,0,0,-0.290039495314666,0,-1.70507699459351,0,0,0,0,0,0,3.13622525938743,0,2.8184849614635,0,0,2.26454935636297,5.16528772498989,0,3.70996050468533,0,1.66415681507221,0,0,0,0,0.169392123322631,1.95788801812892,2.75435462404379,0,3.0318885995727,1.4648480068488,0,0,-1.70507699459351,-0.290039495314666,0,0,2.13622525938743,0,0,-1.29003949531467,0.957888018128919,0.709960504685334,0,-1.29003949531467,0,0,0,0,-0.482684573257062,Control
206711,10.2822654840009,9.69323331897069,-0.047390725518721,3.47617123053829,0,2.53757177520244,7.46436192824866,0,0,8.06374494471599,8.09407782987436,5.11248061125967,9.19399663848021,8.14490208895205,4.08189229142625,0,0,4.78549928864602,0,3.46040391467998,0,2.31016127909936,0,0,1.53757177520244,4.57466109393765,2.08189229142625,0,7.05720802804565,0,0,3.12253427592359,5.75027080033504,0,2.20053678792486,0,5.22407230238565,0,0,7.63823411420763,0,4.53003810251703,0,3.89512377982052,0,0,0,0,2.31016127909936,0,5.22873367975552,5.03475831583515,0,4.15228161931764,3.94129396125344,2.62503461645277,5.08703559470221,6.94129396125344,2.08189229142625,1.65304899262237,2.12253427592359,0,1.70749677664475,0,0,0,2.97497708750973,0.952609274481279,0,1.95260927448128,1.12253427592359,3.16206264011023,0,1.34492669726004,0,0,0,4.37046178936718,0,0,0,0,0,0.122534275923591,0,0,-1.46242822479756,0,0,0,2.73396898800594,0,0,0,0,0,4.87742177808706,0,4.01869846493905,0,1.75996419653888,0,0,0,0,1.47617123053829,1.04007211573162,0.759964196538883,0,0.952609274481279,0.952609274481279,0,0,-0.047390725518721,0,0,0,2.56731911859649,0,0,0,0,0.412040893118576,0,0,0,0,0,0,0.122534275923591,Control
206718,0,9.40302793831928,-0.260233650628037,0,10.7045885165987,7.93205916384273,5.66655650241819,5.42626687655518,3.94921971500091,6.35202054176086,0,6.28923016887173,6.17161213633736,-0.523268056461831,4.70169830853844,6.03744689801265,0,1.8552435667919,0,5.35937499290001,0,0.324728850093119,1.79866003842553,3.8552435667919,0.476731943538169,0,0,0,4.39320858797589,0.962158770708411,5.83428394815625,0,6.14915728550966,3.96215877070841,0,0,0,0,0,5.57686861482362,0,0,6.59774734449954,3.13208377215072,4.0736670859254,0,0,0,3.22089303910858,5.6142354672881,1.54712127142957,4.23161944570164,5.87590303735799,0,2.44020606751306,0,4.96215877070841,6.16323247072139,0.614235467288104,4.92959090825198,1.79866003842553,0,0,0,0,0,0,0,0,1.32472885009312,-0.037841229291589,1.40273136209439,0,4.42159038934571,0,0,0,0.739766349371963,1.54712127142957,0,0,0,0,0,-0.260233650628037,0,0,0,0,0,0,0,0,0.962158770708411,2.28408686559577,1.67836580470782,0,0,2.64665694498048,0,4.49465385153543,0,1.32472885009312,2.19919796800926,0,0.962158770708411,0,0,1.6142354672881,0,0.476731943538169,0,-0.845196151349193,0,2.24226668990115,0,0,0,0.324728850093119,0,0,0,2.06169444425933,0,0,0,0,0,0,0,Control
206719,1.36189521485922,9.32375002249538,0.805501866334833,0,10.5020603494587,8.04727476681829,5.49282608468567,6.69245361489002,3.57602002021207,6.15475056722171,0,5.65467696408706,6.11891846136668,-0.69699847419435,4.83178119113368,6.28599510049996,0,1.17747064372179,0,5.18971423947654,0,2.47292652724796,0.718039025084494,4.49282608468567,0.177470643721791,0,0,0,5.74040683811295,0.805501866334833,5.39399605802624,0,6.44084655625404,3.0218197732616,-0.960032880028144,0,0,0,0,6.34192051509795,0,0,5.93235814588526,4.28028144930557,4.08436123933031,0,0,-0.281960974915506,3.87791036186288,6.31049606235257,1.24160098114151,3.19377245605089,5.18564457516749,1.30300152580565,3.63690226235909,0,4.90291436799278,5.47292652724796,0,5.08436123933031,1.41847874322559,0,0,0,0,0,0,2.14430377978659,0,2.11035644786325,0.177470643721791,1.67223533547137,0,4.23373886336854,0,0,0,0.887964026526806,2.17747064372179,0,0,0,0,0,0,0,0,0,0,0,1.03996711997186,0,0,1.67223533547137,0,3.45950601148564,0,0,3.36189521485922,0,4.71803902508449,0,1.17747064372179,2.82656348186266,2.64877636264738,1.03996711997186,0,0,1.47292652724796,0,0.418478743225586,0,0,0,2.44595947964769,0,0,0,0.887964026526806,0,0,0.418478743225586,0.418478743225586,0,1.11035644786325,0,0,0,0,0,Control
206720,7.98719401831965,5.55128280430353,4.20251309719753,8.34776955663605,0,0,3.70620821629677,5.7192858875919,6.51288052890663,1.49017129000015,6.56977914792092,4.48461176465825,2.47903073239495,6.40958471925022,3.41031798231093,3.67725684260064,1.97559811717039,5.35958718019,3.58154564302088,6.37544528063722,0,3.74392788224593,4.33198962162597,6.19402163630389,-0.008634566971296,5.38666671424629,6.34815228512772,1.32578447209926,1.87719441310939,4.13313939415687,4.22602669169842,5.65639232267904,2.03765908530264,0,6.86065751684456,1.69662216746757,1.89406823167379,4.16824319511278,0.275158399029296,2.55526631822203,0,1.02239232864933,4.0861889792303,4.19231733009164,2.81653163120277,0,0,0,-0.62530592741979,1.97559811717039,2.79872035508631,2.14022881894319,0.325784472099264,2.66747582180806,0,3.6723746212209,3.38069281320165,0,-0.947234022307152,3.2751583990293,3.35044652633353,0,4.66747582180806,1.55526631822203,2.52308591247288,0.275158399029296,0.22269097913516,0,3.30700726506864,2.32578447209926,0.325784472099264,0,0,1.30069349113643,0,0.168243195112784,1.53389266742946,-0.947234022307152,0,0,0,0,0,3.5867445496952,0,1.32578447209926,2.46780347697169,3.97559811717039,0.927235095608989,0,-0.947234022307152,1.65762803585171,0,2.87719441310939,0,0,0,2.28798243938688,-0.284269009584723,0,0,-0.724841600970704,0,0,1.97559811717039,-0.831756804887216,0,0,0.789731571859054,0,-0.362271521585996,0,0,0,0,0,0,2.0971600970513,0,0,0,0,0,0,-0.139879100249548,-0.532196523028309,0,0,0,0,CD
206721,8.07380733647183,4.7938885215041,1.85185611977532,8.43062944308968,0,0,3.10497505674403,5.65921104183292,6.43021588567223,-0.250505597854358,6.70710861283024,4.09665978853203,1.70642568025376,6.84007388976012,2.70642568025376,4.1418118249244,0,5.11324267272763,3.70095055018761,6.45238005764722,0,3.67883984858186,4.73617302364781,6.81684966994741,-1.3379684391047,5.5385485074603,6.75346694721891,0.947433779757551,1.63931148439522,4.58980952297764,4.34151166040075,5.51534111629898,2.3344569028668,0,7.39801060050871,0.662031560895303,1.49492157506004,4.34151166040075,1.1214631795326,2.52001255602288,0,1.46938648295291,4.39335059192037,4.52621770554958,2.40349854729645,0,0,0,-0.168043437662385,1.81177868039998,2.48221052331049,1.54467461025714,0.185593516952316,2.30588775067003,-0.637528720963605,3.44339127441996,2.86170390573167,0,0,3.32736747808048,3.66765611008918,0,4.75214398055959,1.70642568025376,3.09665978853203,0.831956562337615,0,0,3.17773139917935,2.3344569028668,-0.337968439104697,0,0,2.34853208807852,0.831956562337615,-0.530613517047093,1.49492157506004,0,0,0,0,0,0,4.29138818097491,0,0,2.40349854729645,4.93115824004472,1.21662041257294,-1.3379684391047,-1.01604034421733,2.27674140501051,0,2.44339127441996,0,-0.753005938383541,0,1.83195656233762,-0.431077843496179,0,0,-0.090040925661112,0,0,2.1214631795326,-0.637528720963605,0,0,0.185593516952316,0,-0.753005938383541,0,0,0,0,0,0,2.71731399639649,0,0.054348983674063,0,0,0,0,-0.530613517047093,-2.3379684391047,0,0,0,0,CD
206725,9.78989186253439,9.67631711233554,4.92142961017207,-0.735193875676532,0,4.26480612432347,6.20862328893034,0.679843623602311,3.43473112576578,2.09488112288116,0,2.02561846044404,6.37449170393364,4.19816893129318,4.07787469757547,3.3802833417434,0,5.42803647319177,0,3.62626258339747,0,6.96678636054034,1.00177171848967,0,-0.583190782231482,3.73873731265588,2.11724893590961,1.90223604493876,3.02561846044404,3.49576055916334,2.41680921776852,3.52114587758325,3.82280157744435,7.27727547628568,2.73873731265588,0,3.7743612223866,2.64946997455879,0,2.02561846044404,0,3.28470568176117,0,0,4.20340557965932,2.09488112288116,0,0,1.34280863632474,0,6.34990969269989,3.00177171848967,2.82280157744435,3.69479396506828,4.9896988861891,1.55431274151845,0,0,0,3.46120333712697,1.18234396413149,0,0,1.52114587758325,0,1.70959096699636,2.18234396413149,4.07787469757547,0,2.43473112576578,0,3.49576055916334,0,3.22416413982612,3.33328586220623,0,0,3.37100552815539,4.15016355838234,2.02561846044404,0,-1.90511887711884,0,0,0.416809217768518,0,0,1.3802833417434,0.182343964131495,1.76730646485265,0.342808636324741,0.554312741518452,0.182343964131495,1.87624083640581,3.19291320584168,0,0,0,0,0,1.79532084102225,0,0.342808636324741,1.34280863632474,2.36166766357606,0,0,-1.58319078223148,0,0,0.73873731265588,1.41680921776852,0,0,1.64946997455879,0,0,0,-0.320156376397689,1.22416413982612,0,0,-0.735193875676532,0,-1.09776395506124,0,-0.905118877118845,0,0,0,Control
206726,10.3032165974631,9.22923281116997,3.9089832447336,0,0,4.61200150697647,6.21471627667525,0,2.9421501086688,3.1831582081726,0,1.29007341208911,5.80824882159906,5.35554724956639,4.57018133128185,3.73821922317989,0,5.72874647055961,0,4.05560815845209,0,6.11207511011112,0.620222013781441,0,-0.379777986218559,3.44619261400639,2.44619261400639,2.09152773270703,4.00628044608852,3.23760599219497,2.79014701522375,4.0125394365602,3.66858503534284,7.32192227812845,2.98096935755933,0,3.86123011328524,1.91567789730761,0,1.88871084970734,0,3.07965363241874,1.7457528958653,0,4.19421339668159,1.9421501086688,0,0,0,0,5.62839594522714,3.73821922317989,2.9421501086688,3.62022201378144,4.7419909770691,1.7457528958653,0,0,-0.031854682798252,3.22687958560192,1.11498670553102,0,0,0.915677897307612,0,2.65264349147382,1.24825323639448,4.56593185828049,0,1.88871084970734,0,2.04343344450599,0,2.9421501086688,2.01877139027172,0,0,2.2051845145026,4.29521671536507,1.71537924682178,0,-0.839209604855856,0,0,0.620222013781441,0,0,2.13807031864406,0,2.60373389099287,0.330715396586456,-0.517281509968494,0,2.1831582081726,3.07965363241874,0,0,0,0,0,1.68435235120116,0,-0.517281509968494,1.06768099075266,2.35061495402416,1.06768099075266,0,0,0,0,1.51834239976223,1.06768099075266,0,0,2.9421501086688,0,0,0,-1.03185468279825,0.553107817922904,0,-0.517281509968494,-0.031854682798252,0,0.482718490031506,0,-0.379777986218559,0,0,-1.51728150996849,Control
206727,9.26695149865815,10.4791664392253,0,0,7.92564181869635,0,7.38363146315974,4.71740746035656,5.53758642277175,4.55661124845351,7.27391351502849,4.68319174501865,2.71740746035656,1.92686082598551,1.88733246179887,0,8.60462807582495,6.99701804140905,-1.69763003892228,0,0,3.20926055668624,1.03933555524392,0,0,6.79555826809121,1.30236996107772,6.4772956435784,5.17683907899386,3.79422305740739,0,3.71740746035656,0,0,0,6.62429805596508,0,0,6.58777217993997,0,3.02118820853366,1.67160377074344,3.36126365013129,0,0,0.624298055965081,0,0,0,4.51182332670667,0,3.62429805596508,5.70040103505087,0.417847178497654,2.10972488313532,2.24096941641358,3.51182332670667,0,0,0,3.76180157971502,5.79955650171043,0,5.29483628839231,0,5.58777217993997,0,0,0,0,0,0,2.90723201923658,1.88733246179887,5.9935318656308,0,0,-0.697630038922281,0,5.47895869280104,0,2.92686082598551,1.30236996107772,0,0,0,0,0,5.03933555524392,0,-0.697630038922281,0,0,0,2.67160377074344,0,0,1.88733246179887,1.36126365013129,4.64814479791945,0,2.62429805596508,3.95581219968164,0,0,0.624298055965081,0,0,0,0,0.302369961077719,0,0,0,0,4.24878892087287,0,0,0,3.33211730447177,0,0,0,0,1.76180157971502,0,0,0,0,0,CD
206728,8.60351201921016,10.524358401545,0,0,7.92634596381883,0,7.515442264047,4.94076273658771,5.9012912957983,4.28223101787072,7.11523452729893,4.53117966740097,1.729258631394,2.56879395920075,1.33931211307798,0,7.39721049678618,7.02726088703588,0,0,0,2.23621862011388,0,0,0.803259212837773,6.43698102547878,0.481331117950411,6.66620646085869,4.90339588412322,3.94076273658771,0,2.20925157251361,0.56879395920075,0,0,7.16169064146412,0,0.940762736587708,6.3439684755092,0,3.99703095623445,1.12518730772514,2.87364854072917,0,0,1.90759587265251,0,0,2.92427461379914,4.31422113211515,0.651256119392723,2.4120684555133,6.31580216793463,0,1.61061413489538,2.58985557472858,3.28868604000801,0,0.873648540729171,2.20925157251361,3.09604096206562,5.3015100803656,0,4.729258631394,0,3.56879395920075,0,0,0,0,-2.51866888204959,0,2.90759587265251,2.09604096206562,6.06441388545334,-0.348743880607277,0,0,0,5.25611817755158,0,2.45861104145033,0,0,0,0.729258631393996,0,0,5.18869025003129,0,0,0,0,-0.348743880607277,3.23621862011388,0,0,0,1.28868604000801,4.01271257846672,0,2.58985557472858,0.56879395920075,0,1.43552742833729,1.28868604000801,0,0,0,0,0.873648540729171,0,0,0,0,3.38822171355893,0,0,0,1.23621862011388,1.33931211307798,0,0,0,1.56879395920075,0,-0.518668882049589,0,0,0,CD
206734,1.64312813670871,5.67707546863205,9.26098911795049,11.8645426351745,0,8.8225633574335,6.72654414489635,0,8.93468258255256,6.50819855662261,6.85443705891615,4.48921545325503,5.71433508720113,3.0837007280947,5.66866322881585,0,0,0,0,8.80203831752824,0,2.15770130953847,5.83577321465111,7.52344049890632,0,6.92323605590145,0,0,0,0,3.64312813670871,5.66020165006766,3.10879170905753,0,0,4.01899503870688,5.41068205070834,0,1.83577321465111,3.4602640795589,0,0,2.57273880881732,0,5.41571764060564,0,0,0,1.33827355518029,0,0,0,0,0,0,0.951250432071046,0,4.43071980394489,-0.16422678534889,0,5.05171061385026,0,5.61713292817577,0,5.91258881170194,4.90902219668175,0.250810713929954,5.00569821609342,0,0,0,0,0,0,5.89466690370468,0,0,0,5.10879170905753,0,0,2.83577321465111,0,0,3.18154805149284,0,0.058165635987558,0,0,4.94429767142928,0,0,0,3.83577321465111,2.25081071392995,-0.16422678534889,0,0,0,0,0,0,0.572738808817316,0,0,1.95125043207105,0,0,0,-1.74918928607005,0,0,0,0,0,0,0,0,0,0,0,0,0.710242332567251,0,0.250810713929954,0,-0.16422678534889,0,0,0,CD
206738,0,7.4531954184797,1.48883476809442,2.97849030871985,-1.37906169589824,5.07544324165913,3.217873446489,6.34408726114934,4.22974754677729,3.43343652943533,3.00636934129528,3.7084011453521,5.41275237526359,2.7747436401808,3.7666157592974,5.02863095276744,0,2.7084011453521,6.53502440111449,4.42313152104359,0,1.82257216527141,-0.379061695898237,4.68917916541458,1.18165325857624,1.44875732871908,-0.057133601010874,0,2.83816902032243,2.46893521065671,1.13190022337914,3.1755271557794,3.65215703471248,3.93925514543675,2.51817872967656,-0.61352694953526,4.67622073960295,2.38647305046474,0,3.52782889971028,0,2.44875732871908,1.32137802224286,3.12555869650532,2.69132763199316,0.106365131272005,0,4.07379726881557,0,0,2.24152471455364,2.53741494853948,3.90634052296401,3.55167564166465,2.89146724648248,-1.00055007264451,3.25901214128248,1.40753466599257,3.39176735013425,3.37047257177103,0,0,0,0,0,0,0,0,3.5035813534636,0,0,4.08364505477192,1.0269306637776,2.6027909573915,0,0.620938304101764,2.2990102092144,2.24152471455364,2.39704229217493,0,-1.53106478934329,0,-0.116027290064443,-3.7009897907856,1.7252749639165,0.758441827851698,0.38647305046474,1.5657967499093,0,1.50846357484335,-0.116027290064443,0.656562213832485,0,0,2.50846357484335,2.28769489598657,1.67404964056133,2.51817872967656,-0.116027290064443,0,1.38647305046474,0,-1.2415581721483,0,1.7252749639165,2.47891929922934,-2.7009897907856,-1.37906169589824,-0.057133601010874,0.253206519601276,-1.2415581721483,0,0,-0.241558172148302,0,-1.89363486872799,1.92836682929401,0,0.468935210656714,0.38647305046474,0.299010209214401,-1.00055007264451,0,-0.116027290064443,-1.89363486872799,0,0.05389771137787,0,0,0,Control
206739,0,7.72254961461677,0.350028176047049,2.11332791802672,-1.43846771875924,5.25818373889215,2.66434308682454,6.12238616344811,4.3944222954055,2.1895635038538,3.02096389987806,2.99084391150172,6.22428156386322,2.2820097526184,3.82319985131065,6.309114982781,0,2.96008165773104,6.18358410069714,4.92068284008432,0,2.21062511938163,-0.039918342268964,4.31641978340423,0.656689514281101,2.45082881683454,1.31155402823241,0,4.94130445070041,3.39672141149509,1.56153228124076,2.70943097635307,3.70201350479059,3.45524748810155,2.12446847563192,-0.727974335954223,3.9569690458637,2.10210066260346,0,4.05046789418814,0,3.39672141149509,1.60989530280216,2.48580495507752,3.62173691544668,-0.810436496146197,-2.89789933739654,4.73145728268307,0,1.27202566404578,3.92227962501865,2.05629697299034,3.66815470077456,3.30177300743983,3.41043969274287,-0.810436496146197,4.50511268617846,2.54504415845219,0,4.26197199938185,0,0,0,0,0,0,0,1.27202566404578,3.16818985306124,0,0,3.80600423604813,1.33091935309935,2.60989530280216,-1.89789933739654,0.102100662603464,2.86365189504794,4.83511598428943,3.43301754071808,0,0,0,0,-0.810436496146197,-0.810436496146197,1.84356764900461,-0.090544415338932,0.656689514281101,0,2.11332791802672,-0.727974335954223,2.94759071354784,0,0.802540380744556,1.77452600457496,3.03283800016635,1.14649478196192,2.75315235378239,1.07938058610338,-0.090544415338932,2.31155402823241,-1.09054441533893,0,0,1.77452600457496,0,1.10210066260346,0,0.459652667221548,0,-1.43846771875924,-0.505581914617776,0,2.22104173532697,0,0,0.459652667221548,0,1.16818985306124,0,0,0,0,1.16818985306124,0,0,0,0.008991258211982,-1.72797433595422,-2.57597124250917,Control
206740,7.88642577731746,7.4028162050661,0.831729803223085,0.666670556952588,8.02422256157067,5.28227233002411,1.92605718577124,3.87020395103772,3.46776648853851,0.26613262736886,4.48336334358953,3.10609221485839,2.67755887309532,4.56772027397205,3.63350369301739,5.6734853785089,4.98641109260219,2.90767865645638,3.96657234550995,0,0,4.72556424600616,2.14583839365115,-0.792761061684709,0,1.88906297828904,4.34337562630132,1.92605718577124,0.322716155735227,3.66667055695259,4.59381999154491,4.71503357851399,4.25527163473709,0,0,0.529167033202653,0.792201439036447,2.85109512809002,0,1.52916703320265,2.26613262736886,4.16530825784937,2.88906297828904,3.51101968649239,2.04854119229623,-1.57036864034826,0,3.33652195526026,0,1.9442045324815,2.44245540000932,-0.290260721155526,3.52314324557488,3.10609221485839,2.7308008943723,1.62227643759413,1.97982844221222,0,0,0,-0.055795467518503,4.50797281093353,0.145838393651148,2.54113967486873,0,-0.792761061684709,-1.37772356240587,0,3.90304720772474,0,0,-0.377723562405865,3.87020395103772,2.99731586894106,0,0.081708056231432,1.96212644047876,2.87020395103772,-0.470832966797347,1.29470177956563,0.666670556952588,0,0,2.96212644047876,0,0,0.014593860372895,0,0.480257432721707,0.751559454539101,-2.0557954675185,0,0,0.622276437594135,-0.12979604896228,0.622276437594135,1.20723893831529,0,0.751559454539101,0.979828442212219,0,1.87020395103772,0,0,0,0,1.85109512809002,0,1.87020395103772,0.081708056231432,0.081708056231432,0,0,2.7515594545391,0,0,1.20723893831529,0,0.944204532481497,0,0,0.57647274798101,0,0,-0.918291943768568,0,-0.677283844264773,-0.570368640348261,0,0,Control
206741,7.8047897479902,6.59943820431198,-0.748306182379523,1.82323580257931,7.28082763983119,5.32969632962175,2.03596512656504,4.1692316574285,3.09299607160142,-0.830768342571496,4.58360600108046,3.09857710386472,1.47408623895692,4.18767732474932,4.29851467437347,6.01767049844575,4.78740120353958,3.23658692523027,3.48691027931451,0.211051833123131,0,5.34268834984107,1.90194777859335,-2.91823118382184,-0.394669227764823,1.96441186554001,4.65919764421391,1.90194777859335,-0.274374994047111,3.73998029892996,3.15323117873479,4.83999203090489,4.51639704381489,0,0,0.696478660293372,0,2.52471231202689,0,1.25169381762048,3.08176881617816,4.2591883541674,2.50803357088026,3.87618468252827,1.72562500595289,0,0,3.158584413229,-1.74830618237952,2.01250615374105,1.93974981130574,0.889123738235769,2.77525577367749,4.2591883541674,3.10967481274805,0.636357667855802,2.48264825246035,0.169231657428504,0,0,-0.748306182379523,5.12616293553662,-1.01134058821332,2.44809103042398,0,-2.59630308893447,0,0,5.25419632482365,0,0,1.95213353576157,3.8696713755696,2.25169381762048,0,-0.596303088934473,2.29122218180711,3.77176678759761,-2.11087626176423,1.6209276272862,0.211051833123131,0,1.08176881617816,1.60533077223518,0,0,0.291222181807114,0,0.474086238956924,1.01250615374105,-0.011340588213317,0,-0.33326868310068,0.605330772235177,0.541200434815462,-1.01134058821332,-0.011340588213317,0,0.126162935536618,1.43932082079625,0.169231657428504,1.32969632962175,0,0,0,-0.67030367037825,3.59746865446221,0,0.03596512656504,0,-1.33326868310068,0,0,1.66673131689932,0,0,2.73282050735709,0,1.65162442450911,0,-2.11087626176423,-0.748306182379523,0,0.403696911065527,0,-1.45879956518454,-2.91823118382184,0.291222181807114,-0.830768342571496,-2.11087626176423,Control
206742,8.77985541759472,7.90822829720877,1.48242960454945,0,0,9.42200881886415,1.56043211655073,0,4.87092531637581,0.119859525164745,6.03018102617354,0.897467103828297,4.18286932269055,6.13587184315338,5.11663562429046,6.5316731235693,0,5.38128288109255,6.33070478192037,5.61400079808969,0,5.91983491685675,0,5.04721422333298,1.67005660772522,2.42102905988531,6.77296049941678,0.312504603107141,0,2.6344326979945,3.15799465405152,3.27828888776923,3.85939906299478,4.61628535128424,4.30118928987931,1.83606655916415,0,0,0,0,0,5.42364027334185,0,0,0,0,7.42689765797445,6.26378931807411,1.7048220258859,0,0,2.6344326979945,1.17048559823471,2.42102905988531,3.27828888776923,3.72189553924484,-0.228063778255562,0,0.119859525164745,0,2.0938643166318,0,0.482429604549454,0,0,-0.365567302005496,0,4.95636079288187,0,4.21939519871566,0,1.26670091349402,0,0,0,5.82029924330584,0,3.24324194067003,0,0,0,0,1.26670091349402,0.956360792881866,4.43144567583065,0,4.45716284593902,1.56043211655073,0,1.44178762005211,2.11985952516475,0,0,0,0,3.61628535128424,1.26670091349402,0,0,3.35689872246559,3.91983491685675,0,0.312504603107141,0,1.67005660772522,0.560432116550727,1.52195796873609,0,0,-2.1025328961717,-0.517570395450546,0,0,0,0.634432697994504,0.119859525164745,0,0,0,0.012944321248233,0,0,0.312504603107141,0,-1.68749539689286,0.21939519871566,0,0,-0.228063778255562,-0.880140474835255,Control
206743,8.92928600388778,6.26721701085503,1.80516469205859,0,-0.668766496273818,9.28462162685261,2.06819909789239,0.861748220424962,4.35113306116389,0,6.6946382345897,2.01928949741144,2.79066512236348,5.08314943935836,3.78336032174025,5.16973712435445,0,6.87297547584822,7.51003665651495,6.34866057548437,0,4.77233329959122,0,4.48323659717123,-2.83869149771613,0,6.44902088183332,0,-1.83869149771613,3.66910314248257,1.83373384425537,0,3.06819909789239,6.31865543764671,3.63704193325027,0,0,0,0,0,0,4.51886050690195,1.40923601572746,0,-0.379259879078833,1.40923601572746,7.39911597600701,6.17811678997042,1.40923601572746,0,0,1.74627100300503,1.40923601572746,0.483236597171232,1.51886050690195,3.71589735396151,2.11550481267074,0,3.95572436863398,0,-0.031336575658526,0,0,0,0,-0.379259879078833,0,5.68878550834427,0,3.04395155164571,0,-0.379259879078833,-0.253728996994974,0,0,4.2593405852444,0,1.94266821580853,0,0,0,0,1.62074012092117,1.06819909789239,4.52325227601911,0,3.86174822042496,1.86174822042496,0,2.83373384425537,4.17811678997042,0,1.29059151922884,2.66910314248257,0.916196004447338,2.11550481267074,2.74627100300503,0,0,3.00679855322824,2.57069943842157,0,0,1.86174822042496,0,0,0,1.01928949741144,-1.03133657565853,-0.516763402828768,0.620740120921167,0,-0.668766496273818,-1.03133657565853,0,-0.253728996994974,0,0,-1.51676340282877,0,-0.253728996994974,0,1.29059151922884,0,0.068199097892388,1.37076186791282,-0.668766496273818,0,0.746271003005026,-0.031336575658526,Control
206750,8.71005802337225,6.96794185378687,5.05323938897444,5.25428690791253,0,0,5.58789680784753,6.22295035658491,3.38706052987753,0,5.01022903443528,5.58523500812402,1.28577719404035,0,4.54333646980799,0,-1.17365442459695,3.19091800769891,3.29883334686579,4.63370049746066,0,5.08184630855144,3.72358600097785,0,1.82634557540305,4.9740592977552,4.37169622022535,0,2.68432657053062,3.50441748051569,2.93068223521779,3.8127565106551,1.91380841665339,0,0.996270576845363,0.996270576845363,3.16262896326748,4.53232347708557,5.48883593931683,-0.103265096705551,1.89673490329445,5.28905232607321,3.66932440719138,4.35304042094503,-0.495582519484312,0,-1.91062001876316,2.63370049746066,2.87945691186261,0,2.28577719404035,2.54881159987414,0,4.42029685935146,1.38706052987753,0.789819699377937,2.74282221984077,0,0.963849099152986,1.59188032176603,-0.173654424596949,0.36239847564326,0,4.56240920327486,0,0.548811599874142,0,0,0,5.04357629162372,0,0,4.08184630855144,2.91380841665339,0,0.548811599874142,4.33414021560175,-0.408119678233972,0,0,2.66428881729408,0,3.56511341220324,3.42328071779028,0,0,-1.91062001876316,0,0,2.71387084614464,0,2.54881159987414,2.04357629162372,0.591880321766028,2.20485719865678,0,-0.103265096705551,0,2.07427308884664,0.259304982679157,0,0.504417480515688,0,1.48169740401561,0.713870846144638,0.089379981236845,0,2.37478220009909,-1.68822759742671,-0.495582519484312,0.713870846144638,0,1.23233793507889,0,-2.17365442459695,-1.49558251948431,0,0.713870846144638,0,0.027979436572702,0,0.311772402573293,0,0,-2.49558251948431,-0.795142801343219,0,0.148273670290413,0,-0.247655006040726,CD
206751,8.66440308585704,7.04830273613969,4.65360866514719,4.83556296817253,0,0,5.88019253347861,6.26188795689092,3.57821559548678,0,5.00865019972413,6.03031098257872,2.34338607091211,0,4.8146917898377,0,0,3.22972928911654,3.16524056266483,4.69416902847166,0,5.96669488328275,3.73639726386096,0,1.386454792804,4.73639726386096,4.89144898882174,0,3.80678659175235,3.94284814132838,2.70271413760467,4.05387945371713,2.28388505916345,0,0.99943166969475,1.94284814132838,3.83815076266169,4.62092004644102,5.60429372785361,0.923482816461451,1.86377657033718,6.03144206459737,3.75842357019095,4.40052997801572,-0.701008048446343,0,-1.11604554772519,2.80149229208284,-0.964042454280136,0,2.23759140688951,3.57821559548678,0,4.81206153379303,3.16524056266483,0.883954452274814,3.20588254716218,0,0,2.41446916897359,0.758423570190955,-0.585530831026407,0,3.97141729352515,0,0.62092004644102,-0.585530831026407,0,0,4.78549181338913,0,0,4.53101307408788,2.73639726386096,0,0,4.79883783863686,1.29899195155366,-1.2859705491675,0,2.34338607091211,0,3.50844531718261,3.1402942055346,0,0,0,0,0,2.99943166969475,-0.964042454280136,3.43512863953969,0,0.106346873611262,2.1897628817989,0,0.357885640607226,1.26861830251014,2.08906888217943,0.298991951553657,0,0.801492292082841,0,0,0.961956964276087,0.173461069469799,0,0,1.26861830251014,0,0.46891695299597,0,0,-0.964042454280136,-1.2859705491675,0,-0.198507707917159,1.03595754571986,0,1.23759140688951,-1.70100804844634,0.62092004644102,0,0,0,-0.701008048446343,0,0,0,0.173461069469799,CD
206756,9.75562379855816,6.72849557991846,3.390342865513,2.84351549367862,0,7.06948780529087,7.19462756925741,3.20747880836319,6.19155080323546,3.56788105106519,6.10131325114626,4.42847799439977,2.06411463319202,-1.19461963520815,0,4.13757679513304,0,5.27414984800848,5.50582008293294,6.37089050284683,0,5.94200535707798,1.97530536623416,7.66513698480927,2.95222175312112,3.81180663395128,4.3109083980186,0,3.390342865513,1.5829879434554,6.61365507970234,0,3.70538457481513,0,0,0.856006437861815,0,3.64907713391317,0,0,0,0.952221753121118,5.67926385451205,5.76951491223484,3.07484103978507,0,5.17544498072348,1.7793851562589,0,0,3.36434765698006,3.14777256223892,0,2.35557744735233,1.72594589729744,3.59048248000232,3.56026786695532,2.33787544561887,0.245952956177828,4.36871284954146,0.521587398791255,0,3.50582008293294,0,0,1.390342865513,0,0,1.97530536623416,0.952221753121118,-0.54254293862846,3.89889225071499,2.71227096040037,0,0,1.08548828398458,0,-0.194619635208153,0,2.40741637887194,0,0,0,2.86839016231765,-0.001974557265757,0,1.99802544273424,2.94053994807348,-0.680046462378395,0.582987943455399,0,0,0.245952956177828,1.69846516087533,0,-0.095083961657239,0.245952956177828,2.64188163250897,0.752912944897711,1.95222175312112,0,0,0,0,0,0.521587398791255,0,0,1.390342865513,0,0.319953537621605,0,0,0,-0.001974557265757,0,0,0,0,0,0,-0.095083961657239,1.16795044417656,-1.19461963520815,-3.00197455726576,0.45745706137154,0,0,0,-0.54254293862846,CD
206767,10.3452409491385,8.21941073409905,8.66431287381993,9.87022410588493,0,0,2.70729879878558,6.6344482333779,0,6.6112719110118,5.80245603182592,4.36334439756822,7.21365146481037,0,5.5270908240814,5.20206349053516,0,2.91083219287071,2.87235804505607,5.89652435618683,0,2.98483277431449,0,0,5.55164792832538,0,0,0,0,0,0,0,1.98483277431449,0,0,0,5.80756292225901,2.98483277431449,0,4.10584817527585,0,0,4.00275468231175,0,1.66290467942712,4.23276028775807,0,0,4.99382155754174,0,5.0116328336582,0,1.24786718014828,0,1.98483277431449,0,5.40437166582827,5.69081067599701,1.47025960148473,3.54554772878897,3.21749353110476,0,6.69907829198061,0,5.4376917390283,0,0,0,0,0,1.75036752067746,2.66290467942712,2.56979527503564,4.07229561556483,6.24786718014828,0,0,0,0,0,0,4.02045668404521,0,0,0,2.70729879878558,0,0,0,0,0,2.18646663548414,0,0,0,0,0,0,0,0,0,0,0,0,0,1.91083219287071,0,0,0,0,0,0,-0.337095320572876,0,0,0,0,0,0,0,0,0,0,0,0,0,0,0,0,0,CD
206768,2.20144533263309,0,4.48155325182583,4.39409041057549,0,0,0,4.64201792401907,0,0,0,0,2.5640154120178,0,0,0,0,0,0,0,2.5640154120178,0,0,0,10.43711769417,0,0,0,1.97905291129664,0,0,0,0,0,0,0,0,0,0,0,0,0,0,0,0,0,0,0,0,0,0,0,0,0,0,0,0,0,0,0,2.5640154120178,0,0,0,0,0,0,0,0,0,0,0,0,0,0,8.18199296996692,0,0,0,0,0,0,0,0,0,0,0,0,0,0,0,0,6.21426937299067,0,0,0,0,0,0,0,0,0,0,0,0,0,0,4.43848452993394,0,5.97905291129664,0,0,7.05942632776066,0,0,0,0,0,0,0,1.97905291129664,0,0,0,0,0,0,0,0,0,CD
215075,10.9747836546304,9.72353900330005,-0.389272811881217,0,0,5.86406819774873,5.10715301423828,7.3770194535545,4.82018055374773,3.26280388469848,5.33084927212157,0,4.77491582001195,0,5.50381198420227,0,4.88552130741505,4.57815932566235,5.43272888614079,3.69819002936912,3.31116690625988,1.84776638541963,5.59127482545261,0,7.67296610930196,0,1.97329726750349,0,1.97329726750349,2.82574007908963,2.73410960362407,0,4.59778813241129,0,0,2.89083510731152,0,2.47579760803267,3.53129272062438,1.26280388469848,4.75756857644805,2.86946145651895,3.26280388469848,2.22963702076328,0,1.61072718811878,0,0,3.50381198420227,4.57815932566235,0,0,-0.389272811881217,1.12530036094854,0,0.388334766782335,1.61072718811878,3.73410960362407,3.67373698564458,0,0.503811984202271,0.710262861669697,1.19568968883994,2.89083510731152,0,0,0,2.50381198420227,0,0,0,0,0,0.973297267503491,0,1.50381198420227,-0.196627733938821,0,0,0,0,0,2.63626228022592,0,0,2.58473197958584,-0.874699639051459,0,4.5176177837273,0.890835107311518,0,0,4.07015880675608,0.388334766782335,2.38833476678233,1.26280388469848,1.19568968883994,0.610727188118783,0,0,0,0,0,2.41808211017639,0,2.61072718811878,0,1.84776638541963,0,1.97329726750349,0,-0.611665233217665,1.84776638541963,0,0,0.710262861669697,0,0,0,0,0,0,0,0,0,1.05129977950476,0,0,0,0,CD
219633,5.09366700803616,7.90013137757111,-0.301769756586781,0,5.21034217872669,0,8.15505132358813,7.10839246801671,4.7306517211056,0,5.1426804705121,7.98866805217277,1.14568922038444,0,3.00698294955285,2.52420084363817,3.60512083902174,4.94270219822059,0,3.70640417485892,3.64818956091362,3.04615354683353,1.69823024341322,0,0.326261466026261,3.82376112549708,5.32891104444021,3.03321449112603,0,0,3.98026561117707,3.04615354683353,3.3885457442806,0,3.36808164172089,3.15766186205052,5.33155576569577,4.17543656377849,6.3460157003673,2.23879862477592,4.87542324531957,1.96671907933912,0,2.91122396674742,3.86815524485553,0,0,2.63111604755468,0.882654814550646,0,0,2.54257937295302,2.95304414244204,3.05897758719111,3.35773969749943,2.86815524485553,0,0,2.54257937295302,-0.953846453166474,0,5.21607854827584,0,4.21034217872669,1.32626146602626,0,0,0,0,2.52420084363817,0,0,1.14568922038444,-0.301769756586781,0,1.40872362621823,0,1.04615354683353,0,2.16953596233881,2.30488781523369,0,3.79338747645356,3.35773969749943,5.09677961990349,-0.060761657082986,0,0,3.03321449112603,0,0,0,0.326261466026261,0,0.238798624775922,0,-1.17623887450292,0,1.04615354683353,0.698230243413219,0,1.1929949351628,0,0,0,0,0,-0.761201375224078,1.28319274413437,0.046153546833526,0.046153546833526,3.23879862477592,0,0,0,0,0,0,0.560726719663284,0,0.238798624775922,1.52420084363817,0,-1.17623887450292,0,0.698230243413219,0,-0.591276373781766,0,0,CD
219634,4.55661878152931,7.13246338608665,1.07218315676211,0,3.78113437475872,0,7.66693839450168,3.9642004758891,4.00110005870063,0,4.0370793558062,8.93446286567034,0.83117505725832,0,1.01559962839575,1.12663094078449,3.45920627987136,4.89530539467804,0,2.41613755797948,2.54166844006334,2.15310315214568,3.09966389318422,0,2.12663094078449,4.34902336212094,3.87953807881972,3.42702587412221,1.12663094078449,0,4.57141578345739,2.4378326290788,3.9339858628421,0,2.25438648798286,4.11993628821048,4.53161477539941,4.82707065892558,7.013795131549,0,2.22972443374859,1.95670593934218,0,2.84747686958742,5.16290632717604,2.12663094078449,0,2.50102645556599,0,0,0,4.22972443374859,2.17909836067863,2.27863403422954,1.58119680424997,2.69367153350839,0,0,3.83117505725832,-0.043294060657821,0,3.58119680424997,0,4.9339858628421,2.84747686958742,0,0,0,0,2.48026789539919,0,0,0,0,0,3.13992776339795,0.83117505725832,-1.62825656137898,0,0,0.895305394678036,0,2.81468693446975,2.48026789539919,4.00110005870063,0.179098360678627,0,0,3.02995492137282,0,0,0,3.36042812539319,0,0,0,-0.043294060657821,0,-0.820901639321373,0.459206279871362,0,2.74678286996795,0,0,0,0.541668440063335,0,1.45920627987136,2.3259397490079,1.17909836067863,-0.820901639321373,4.47503124703305,2.07218315676212,0,0,0,0,0,0,0,2.22972443374859,0.371743438621023,0,-0.306328466491615,0,0,2.81468693446975,-1.30632846649161,0,0.371743438621023,CD
219651,6.12990917605167,6.65275545038708,-1.20857009509954,1.99788078236789,0,4.2733845401639,2.6301489978674,6.42134690371731,3.86906731629473,-0.002119217632113,3.64557903843701,-1.00211921763211,1.80523570442549,5.58884202371049,6.08534362361823,5.46711557603554,2.64557903843701,3.66463737425269,-0.265153623465907,1.6301489978674,2.26091518820168,3.59481592475512,6.10081880412748,1.22027320370433,-2.90900981324063,2.10221744218262,0.412918281646731,3.96135490634277,1.46602961810629,4.31980887725525,0.582843283089043,2.47469447923342,3.31015870722153,2.13538430611782,1.06827011025928,2.44854219137745,2.17845302800971,4.2279812988396,0,1.17845302800971,3.62237164727568,2.19951464353754,0,0,4.48759496794123,-0.265153623465907,-0.101654891183028,2.10221744218262,0,0,1.09099018675937,2.62237164727568,1.76341552873086,-0.05102881811306,3.75632610394454,2.18902226971989,1.41291828164673,0,-0.385447857183619,2.2708992767743,-0.101654891183028,-2.58708171835327,0,0,1.11335799978782,0,0,0.614552142816381,-1.44957819460333,2.2708992767743,0,0.045186497146243,0,0.645579038437006,0,-1.32404731251948,2.13538430611782,0,0.412918281646731,0.791429904900461,5.00985342403396,0,2.7420418779383,0.260915188201681,1.97363323612121,0,3.53807341296902,1.41291828164673,2.03350469209861,0.300443552388318,0,4.2733845401639,0.645579038437006,1.74920166951116,0,1.84587768892284,0.220273203704335,0,1.51725494146147,1.51725494146147,0,1.89834510881697,0,0,0.338917700202954,0.045186497146243,-1.20857009509954,0,-0.661082299797046,0,-0.909009813240632,0.614552142816381,0,0.582843283089043,0,1.37639240562162,-2.10165489118303,-1.58708171835327,-0.154122311077163,0,0,1.77749071394259,0,1.67595268748052,0,0,-0.587081718353269,-0.909009813240632,-1.00211921763211,-2.58708171835327,Control
219652,6.913704584017,7.48801147459147,0,1.74038739892655,0,4.96365285813586,1.69063436372945,7.35409883812932,4.30895546139703,0,3.79438228856728,-0.334900728377691,1.44270685028586,6.82208521735712,5.29237257720143,6.09375854146479,4.13851511969531,3.05741669440107,0.317175968202002,0,2.95577643252523,3.47245419367991,6.95380058874565,2.38130630562172,-2.14225565043529,1.61263185172817,2.16152509774181,3.06719771519365,2.38130630562172,5.10091833303766,1.41233320124234,3.00749146906939,4.85209778642356,0.317175968202002,2.5301696915362,3.15236509845633,1.78848168712759,4.69379470462277,0,0.987027366509671,3.67152554078174,-0.142255650435295,0,0,5.18417383668701,-0.334900728377691,1.61263185172817,3.81194065995158,0,1.34959744589438,0.612631851728174,2.25006177234347,0.317175968202002,0,4.17515696332957,3.44270685028586,0,0,0,0.665099271622309,0.50160053933943,0,0,0,-0.235365054826777,0,0,0,-0.972330648992983,3.14314656842695,0,0.50160053933943,0,0,0,0.442706850285861,1.25006177234347,-0.972330648992983,2.98702736650967,0,5.62592867434163,0,1.17967244445207,1.76463494517322,2.08656304006059,0,4.47979616902108,1.94520719081504,2.00749146906939,0,0,3.11513219225736,-0.142255650435295,1.76463494517322,0.381306305621718,2.75256211287265,1.76463494517322,0,0,2.39690316067274,1.38130630562172,2.2840091042668,0,0,0,0.250061772343465,-1.33490072837769,0,0.105671863008291,0,0,0.179672444452067,0,2.67792331197989,0,1.5301696915362,-0.142255650435295,0,0,0,-0.820327555547933,0,0,-0.682824031797998,0,0,-0.054792809184956,-0.682824031797998,-0.441815932294203,-2.14225565043529,Control
219655,6.24576012177771,5.54270950522079,0,7.40310949360068,0,0,0,7.6101839695394,9.16548542782752,5.38743127974288,4.87141613273921,0,5.72740583004769,0,5.68083057697511,1.68699156160178,5.5938821572103,5.11325631630388,0,0,2.8569165630441,2.95548039752768,7.98328209660677,0,3.03491486502209,3.18175625335136,0.397484944406798,8.3549094840236,4.84594544522309,0.397484944406798,4.39246686964017,3.26098294450194,3.7589414034808,0,0,5.52905613794703,1.03491486502209,0.686991561601783,0,0.927999661105578,7.80262640754314,-0.187477556314358,3.51296216182673,1.31502278421483,1.08554093809206,0,2.06044995712923,0,1.08554093809206,1.78214879464212,0,4.19910349691526,4.2105535176588,3.74325978124853,1.03491486502209,0.619877365743246,1.78214879464212,2.61987736574325,1.03491486502209,2.54948803785185,2.31502278421483,0,0,2.47548745640807,-0.450511962148152,2.71941303929416,0,0,0,-1.77244005703551,0.03491486502209,1.61987736574325,1.95548039752768,1.22755994296449,0,0,1.18175625335136,-1.45051196214815,0,1.81252244368564,1.51296216182673,0,2.06044995712923,-0.187477556314358,0,0,0,0,2.63695087910219,0,0.315022784214825,0,0.475487456408071,2.4173845018445,2.63695087910219,0.397484944406798,0,0,1.68699156160178,1.134450538573,-0.187477556314358,3.14642318023908,0,1.134450538573,0,1.31502278421483,0,0,1.18175625335136,0,1.95548039752768,0,-1.77244005703551,0,0,0,0,0.134450538573004,0,0,0,0,-0.772440057035514,0,0,0,0,0,-0.602515055593202,0,Control
219656,6.82282783015872,5.70871460550455,1.56339157729532,8.53118169480174,0,-0.152815456704093,2.56339157729532,7.1793809736371,8.12264395891058,3.06219743426676,5.60207204545937,0,6.031351467314,0,5.93464738454625,0,6.09511205673949,5.47862147381656,0,0,3.37967962412293,3.89781061636587,7.27225054841438,0,4.24928298686725,0,0,8.35837243094103,3.39738162585639,0,3.98234412657754,0,3.32523184010055,0,1.99402593162518,4.3436103694154,0,-0.152815456704093,0,1.12729246248864,7.42999857743849,0,2.87271963540304,2.39738162585639,-0.375207878040541,0,3.22965418011832,0,2.0398296212383,3.0398296212383,0,2.97056695880119,3.41486905258523,2.0398296212383,2.28775713468189,0,-0.638242283874335,3.37967962412293,0,0.624792121959459,3.547624261437,0,0,2.32523184010055,1.56339157729532,2.12729246248864,1.12729246248864,0,0,0.946720216846821,0,3.12729246248864,0,0,0,0,2.16911263818327,0,0,0,2.39738162585639,0,-0.152815456704093,1.62479212195946,0,2.59441847291594,0,0,3.16911263818327,0,0.624792121959459,0,0,2.20975462268061,0,0.847184543295907,0,0,1.62479212195946,3.26864831173418,0,3.41486905258523,0,0,0,0,0,0,-0.152815456704093,0,3.36175771612566,0,0,0,0,0,0,-0.960170378761698,0,2.28775713468189,0,0,0,0,0,0,0,0,-0.152815456704093,0,Control
219659,7.24284144100723,6.26938322845972,3.7718835689889,4.07673815051732,0,6.32104534828221,0,0,5.73970316323975,5.78245281069909,3.59131132334708,0,0,0,0,0,0,3.32827691751329,2.38486044587965,4.89387409336751,0,1.00634882262592,0,3.20798268379557,0,0,5.14385234637586,0,4.70678854076702,0,0,0,0,4.72881484709701,0,0,0,0,0,0,0,0,0,5.37092125492178,4.59131132334708,0,0,0,0,3.49177564979617,0,0,0,0,0,0,0,0,0,0,1.49177564979617,0,3.54240172286613,0,0,0,0,0,4.07673815051732,4.29913057185377,0,2.85434572918087,0,4.75050991819633,0,2.38486044587965,0,0,0,0,0,1.26938322845972,0,4.2390095794162,0,0,0,0,0,0,0,0,0,0,0,0,0,0,2.00634882262592,0,0,0,0,0,0,4.04197273235665,0,0,0,0,0,0,0,0,0,4.17627382406824,0,0,0,0,0,0,4.14385234637586,0,0,0,0,0,0,0,CD
219675,8.85223272653446,0,4.2360137870506,9.80936966812377,0,0,8.75231992710481,0,8.48782996872695,5.73197128171301,4.57996818826796,0,0,5.39355506403708,2.65105128632944,0,0,1.12053656963066,0,0,0,0,0,0,2.9950056875468,6.38106411985388,0,0,6.07989458513332,0,0,4.79610161913272,0,0,0,6.29046157107297,0,7.45045745527155,0,0,0,0,0,5.03807440943869,6.67853202275155,9.08824316642378,-0.464425931090495,0,8.34614570365065,6.04864365114888,0,0,0,0,0,1.95061156818835,0,0,5.02742716523918,0,4.25439231636545,0,0,0,5.67171075689553,0,0,0,0,0,0,0,0,0,0,3.41004318682565,0,0,0,6.88134890575123,0,0,0,0,0,3.12053656963066,0,0,0,0,0,0,4.5204671765193,0,0,0,3.44246466451802,0,0,0,0,0,0,5.09016292058714,0,0,0,2.12053656963066,0,0.950611568188349,2.12053656963066,0,3.5355740689095,0,0,0,0,2.47417352424536,0,0,3.30816357280643,0,0,0,0,0,0.272539663075711,0,0,0,CD
219691,0,8.52141054770168,7.07299566873034,5.96764266858412,0,0,6.59400892270205,0,0,4.1845138622064,6.89648163966288,0,5.02561026685534,0,9.18313024740687,4.63020157432543,0,6.75911319339451,0,4.13956645615243,0,3.40564131630627,7.84631381386181,0,0,5.40943289546864,1.74267630358384,3.53622542611641,5.44311602172493,7.84351382260758,8.02066105088361,3.93381779093585,4.87470469726763,0,0,5.11191011324956,5.327638804305,3.73060347128327,0,0,0,0.643140630032927,6.63506732949724,0,2.59067321013879,2.04523907360427,0,1.47964189775005,3.75464894524992,0,4.22810313075408,5.37106108459613,0,-0.579251791303521,0.420748208696479,2.7899820183622,0,2.35934766403234,3.0646043984712,2.56370616253852,0,0,4.14866866325968,0,6.40753835147887,2.29521732661262,0,0,0,0,0,0,0.157713802862685,1.00571070941764,0,2.15771380286269,0,0,6.45417121023393,0,0,0.420748208696479,5.70306444768498,-2.16421429202468,-0.356859369967073,0,0,0,0,0,0,0,0,-1.16421429202468,0,-0.842286197137315,0,4.75464894524992,0,-0.579251791303521,0,0,0,3.26205046267742,0,0.923248549225662,0,0.157713802862685,1.08371322141891,-0.842286197137315,1.22810313075408,1.64314063003293,0.923248549225662,0,0,0,0,0.536225426116415,0,2.12118792683757,0,0,0,0,0,0,0,0,0,0,CD
224323,10.1507168164634,9.55900485294801,8.09562141603614,3.14453101651708,0,3.59519242552665,8.10646297568356,4.09562141603614,2.19183673129544,4.3144560179594,0,0.822602921629721,3.44709378653751,0,5.20918397485934,7.05941440287913,8.088608571891,0,1.04499534296617,3.21492034440848,1.48556793435215,2.76120237696558,1.55956851579593,0,2.09562141603614,3.12028347027041,-0.440431484204073,0,0,5.94154399435323,4.3251032621589,0,4.48556793435215,6.79797325512101,0,0,0,2.55956851579593,1.04499534296617,3.71337385187496,-0.177397078370279,1.88149661068329,3.34616487768673,3.69707203954586,4.65549293579446,0,0,-0.177397078370279,1.76120237696558,0,0.559568515795927,5.08313047185294,2.96556087547176,0,0.559568515795927,0,3.7922292725862,2.66390517561066,2.85235026502377,0,0,0.237640420908565,0,0,0.407565422350877,0,0,3.42746497978858,0,0,0,0,0,4.15650365818316,0,0,2.62995784368732,0.237640420908565,0,0,0,1.55956851579593,0,0,0,0,0,0,0,1.69707203954586,-0.440431484204073,1.3251032621589,1.93808013904966,2.66390517561066,4.29292285640975,0,0,0,3.40756542235088,0,0,0,0,0,0,0.559568515795927,0,0.044995342966169,0,-0.440431484204073,-0.177397078370279,0,0,0,0,0,0,0,0,0,0,0,0,0,0.559568515795927,0,0,0,1.93808013904966,0,Control
224324,11.1428809220966,9.47834440016696,8.78667030784223,0,0,3.80969574894095,7.84531965867167,4.98175649472725,2.71016007539004,3.43885805357264,1.38823198050267,0,3.10443901450208,0,5.349061383222,6.30197624715226,9.28650944580649,0,2.43885805357264,4.59210431386833,1.28131677658616,1.90280515333243,0,0,1.82880457188866,2.2247332482198,0.580877058445071,0,0,5.42008084654201,3.88465780662217,0,4.55815698194499,6.32571089594462,0,0,0,0,0,3.60324487147353,0,0.750802059887383,3.19558690256028,4.0238205542938,2.48776765405359,0,0,0.902805153332433,0,0,1.66833989969541,5.42008084654201,2.75080205988738,0,1.58087705844507,0,4.0238205542938,3.04030867708237,0.750802059887383,0,0,1.82880457188866,0,0,1.04030867708237,0,0,4.72042841084386,0,0,0,0,0,3.79033042407402,0,0,2.28131677658616,0,1.82880457188866,0,0,1.75080205988738,0,0,0,0,0,0,0,2.28131677658616,0,0,1.66833989969541,2.97319448122383,4.05661048941147,0,0,0,3.13546591012271,0,0,0,0,0.750802059887383,0,0.750802059887383,0.388231980502675,0,0,-1.41912294155493,2.16583955916623,0,0,0,0,0,0,0,0,0,-1.41912294155493,0,0,0,-0.419122941554929,0,0,0,0,0,Control
224327,10.7338400487936,9.89028792027397,9.56532310430563,10.1019873530196,0,0,6.51767958116868,5.04112769267713,6.14309010362259,5.49392011395139,7.44794468515101,0,3.41177107259752,1.31866166820604,3.11221079073861,2.62122443822647,7.57542074861335,6.16331513168662,5.41177107259752,5.16665857476099,0,2.31866166820604,4.58169607403983,0,4.82962358748342,4.19313078612218,0,3.16665857476099,6.96827712726945,3.82116200873522,4.45616519195598,7.56278761148977,5.41177107259752,0,0,6.06640710112549,6.79978835794266,6.01539741758371,0,5.23831955988844,0,0,0,3.54105408954249,0,0,-0.266300832515116,0,2.93533302865453,3.58169607403983,0,3.91956571279622,0,0,0,0,0,0,0,0,0,0,0,0,5.64539074935722,0,0,0,0,0,-0.003266426681322,0,0,0,0,0,0,0,0,4.96635992427516,0,0,0,0,0,6.95092988370555,0,0,1.99673357331868,0,0,0,0,0,0,2.65969858604111,0,0,0,0,0,0,0,0,1.65969858604111,1.99673357331868,0,0,0,0,0,0,0,0,0,0,0,0,3.26975206772509,0,0,0,0,0,0,0,0,0,0,0,CD
224328,10.6350195704947,9.61990613848772,9.06624300158105,10.2352667026703,0,0,6.75569645096771,3.52413238373301,5.24555712700344,5.00217968053765,7.16936191491643,2.03870555656277,3.91317467447891,2.77567115072897,3.65537691701126,3.26109797789921,7.34004931929404,5.45374305584161,5.23510276936627,5.43559570913135,0,3.81831548813747,2.3412683265832,0,6.46273183906886,3.47166496383887,0,0,6.15972095752413,4.30173996239656,5.22984704391478,7.13040539069958,5.95199392336944,0,0,5.10909488445416,6.93109658247617,5.81129506045969,0,5.7167774616754,0,1.30173996239656,3.13181496095425,3.95199392336944,0,0,0,0,3.52413238373301,2.65537691701126,0,4.3892028036469,0,0,0.591246579591545,0,0,0,0,0.301739962396561,0,0,0,0,5.54120589709195,0,0,0,0,0,0.716777461675405,0,0,2.59124657959155,0,1.65537691701126,0,0,0,4.28156208045893,0,0,0,0,-1.2832225383246,6.48496178645233,0,0,0,0,0,0,0,0,2.03870555656277,2.4172171798165,0,0,0,0,0,0,0,0,0,1.52413238373301,0,0,-0.54625694415839,0,0.453743055841611,0,0,0,0,0,0,0,3.19790415141202,0,0,0,0,0,0,0,0,0,0,0,CD
